{
    "application": {
        "id": "",
        "title": "Assets",
        "type": "SAP_UI5_Component",
        "componentUrl": "/webapp",
        "appUrl": "#Assets-Display",
        "navigationComponentName": "Assets",
        "intentSemanticObject": "Assets",
        "intentAction": "Display",
        "html5ApplicationName": "assets",
        "HCPParentApplicationName": ""
    },
    "assignment": {
        "groups": [
            "8aaddda8-8127-4f0b-840e-96e1af7ece0a"
        ],
        "contentPackages": [
            "b3ac8308-0513-4afd-b263-306f657ca2e1"
        ],
        "categories": []
    },
    "tile": {
        "type": "StaticTile",
        "title": "Assets",
        "subtitle": "",
        "searchKeywords": "Assets,",
        "displayIconUrl": "sap-icon://monitor-payments",
        "displayInfoText": "",
        "size": "1x1",
        "serviceURL": "",
        "refreshInterval": ""
    }
}