{
  "projectType": [
    "sap.watt.uitools.ide.fiori",
    "com.sap.webide.hybrid.cordova"
  ],
  "generation": [
    {
      "templateId": "ui5template.basicSAPUI5ApplicationProject",
      "templateVersion": "1.32.0",
      "dateTimeStamp": "Wed, 13 Jan 2016 12:56:36 GMT"
    },
    {
      "templateId": "servicecatalog.connectivityComponent",
      "templateVersion": "0.0.0",
      "dateTimeStamp": "Wed, 13 Jan 2016 12:57:19 GMT"
    },
    {
      "templateId": "wysiwygtemplate.quickStart",
      "templateVersion": "0.0.0",
      "dateTimeStamp": "Thu, 14 Jun 2018 14:23:18 GMT"
    },
    {
      "templateId": "ui5template.basicSAPUI5ApplicationComponent",
      "templateVersion": "1.4.0",
      "dateTimeStamp": "Sat, 16 Jun 2018 16:35:16 GMT"
    }
  ],
  "translation": {
    "translationDomain": "",
    "supportedLanguages": "en,fr,de",
    "defaultLanguage": "en",
    "defaultI18NPropertyFile": "i18n.properties",
    "resourceModelName": "i18n"
  },
  "dataBinding": {
    "/webapp/view/View1.view.xml": {
      "entitySet": "Entity1_Set"
    }
  },
  "mockpreview": {
    "mockUri": "/sap/opu/odata/SAP/ZBCDISPUTECASE_SRV/",
    "metadataFilePath": "localService/metadata.xml",
    "loadJSONFiles": true,
    "loadCustomRequests": false,
    "mockRequestsFilePath": ""
  },
  "deploy": {
    "destination": "DisplayPdf",
    "name": "ZBCDISPUTECASE"
  },
  "hcpdeploy": {
    "account": "p1943008362trial",
    "name": "quickstartapplication",
    "lastVersionWeTriedToDeploy": "1.0.4"
  }
}